{"cameraMode":{"drawMode":2,"name":"Shaded Wireframe","section":"Shading Mode"},"sceneLighting":true,"audioPlay":false,"sceneViewState":{"showFog":true,"showMaterialUpdate":false,"showSkybox":true,"showFlares":true,"showImageEffects":true,"showParticleSystems":true},"in2DMode":false,"pivot":{"x":0.5283018946647644,"y":0.14745058119297028,"z":0.0},"rotation":{"x":0.2696285545825958,"y":-0.002600392559543252,"z":0.0007379104499705136,"w":0.9629902243614197},"size":0.6326802968978882,"orthographic":false}